{"tvecs": [[[0.11890260825783361], [0.030468203563125115], [6.011944317016979]], [[-0.19990666985409816], [-0.062150909636151414], [4.8578746160790205]], [[-0.008791380066129601], [-0.07960751931999838], [5.139253760165211]], [[0.828941879382207], [-0.30044344899412184], [5.6016898201497645]], [[-0.28097083572647424], [-0.3042380149308447], [5.2807396478455]], [[-3.141925693274191], [0.10753417476207873], [9.19474857211768]], [[-0.8239667978901791], [0.09271578743039166], [5.454045613138597]], [[-0.15711934620735724], [-0.7172441848881952], [6.037875462515529]], [[-0.30200870132513336], [0.6729952222121618], [6.7424706595349555]], [[-0.7951711545630749], [-0.2116846859389748], [7.463541997950201]], [[0.9090414855793584], [-0.11978050317447389], [6.276138251729786]], [[-0.3697768450284632], [-0.06178888005502691], [5.256931106661]], [[1.0350516769530136], [-0.19026628361421305], [5.484033014311784]], [[-0.7771163221328857], [-0.23016309915011815], [4.995329060552002]], [[-0.19311118528173324], [-0.09643049414482034], [5.12639140056911]], [[-0.20666080514845703], [-0.22370285098502607], [4.718666375894689]], [[-0.8767078347200088], [0.16742934634948056], [8.58057548840873]], [[0.7718943099782484], [-0.2114161045593444], [5.124887901355021]], [[-0.329968836465752], [-0.06535435360517433], [6.321593432969923]], [[0.4755534135839786], [-0.06804029174564212], [5.277902083414169]], [[0.5389070648533629], [-0.3402515407342647], [5.522803847242348]], [[-0.26856479911624975], [-0.2996236687394114], [5.474317328575231]], [[-0.049303602050246684], [0.33582312237402845], [8.99359249604995]], [[0.14570001392150114], [-0.09443386243374026], [4.750816935037512]], [[2.1993997707266906], [0.0678461597842486], [6.270045242216762]], [[0.8057833927237389], [-0.48023523270699486], [5.435903950385413]], [[0.2562012795264838], [-0.05116250817950771], [5.561173111652756]], [[0.5902907312215726], [-0.2812247266344731], [5.685334325926127]], [[-0.3732334559184864], [-0.1762224498644992], [4.969497806592413]], [[0.8013001513624322], [-0.3418578365229643], [6.859685005550363]], [[-0.4973309604513208], [-0.02525946542105833], [5.416860095799856]], [[0.7397260689962761], [-0.06863112878057755], [5.268787658116447]], [[1.2083977124860275], [-0.40848298270815103], [6.967365114918448]], [[0.00606900041448406], [-0.05435614630706841], [4.751740006262141]]], "rms": 0.8568607060201774, "rvecs": [[[-0.10949915190417797], [-0.1783001590170193], [0.017062650326178742]], [[0.013743229374524461], [-0.3639349178756269], [0.012911722409629189]], [[-0.1121264596490103], [-0.017502864513779744], [0.006341382366290272]], [[-0.11063606780810094], [-0.17297855961157252], [0.01520901507746586]], [[0.054714135931536845], [0.11062019754313442], [0.014956593880553206]], [[-0.11261249035660469], [-0.184063678852676], [0.0006090709794350646]], [[-0.03870590501323748], [-0.22980847214978048], [0.011645071032191158]], [[-0.11991862545593465], [-0.0981728742997399], [0.0014879896406144778]], [[-0.23726192874770283], [-0.33137447882769244], [0.04029572467395506]], [[-0.09731932320454759], [-0.13142263979658445], [-0.0026930177851695056]], [[-0.1553398952647278], [0.18937532723121175], [-0.024565906528081858]], [[-0.09639065142691325], [0.5518807403214894], [-0.03817455141548868]], [[0.03439814980740003], [-0.04455959509373859], [-0.004553995924050297]], [[-0.2532043758401156], [0.010376186723778115], [-0.014026678827046106]], [[-0.13491707679920614], [-0.17658927274268588], [0.00588197346776745]], [[-0.1525618654369935], [-0.13545737058839236], [0.0025402066834946356]], [[-0.03230141901356803], [-0.2443531736937783], [0.007938106002501662]], [[0.011512189943687832], [0.08461333121189918], [-0.0002585051384272727]], [[-0.1784108309382264], [-0.9459169075514485], [0.08825969946113396]], [[0.010609926352653773], [-0.4582545093276596], [0.007812323652963828]], [[-0.10724137701542992], [0.07766384639649845], [-0.01198133035028915]], [[-0.1776009889772801], [0.2691693418632933], [-0.0354503595051023]], [[-0.15424688627045632], [0.06817529622948086], [-0.010130885104573821]], [[-0.24715074798832784], [0.2923012522924488], [-0.05401223820951884]], [[-0.004970657618157149], [-0.17559394312281534], [0.008405790266167461]], [[-0.09012437186047983], [0.026707380782870622], [-0.005059769736956055]], [[-0.09254858628313574], [0.37561694151267977], [-0.02117185389807752]], [[-0.14267255031419468], [0.36021300884859847], [-0.04537872653859387]], [[-0.04802232649126239], [0.06996409922246287], [0.007668245678285955]], [[-0.028423376165985843], [0.8761075239276715], [-0.018493190131185604]], [[-0.11532173379335083], [0.30891560708952825], [-0.012742712335377165]], [[-0.028283192200623232], [-0.36842538649547185], [0.017783720928234575]], [[-0.07520625611820636], [0.23986987246514296], [-0.0044092046227348575]], [[-0.2547953186032548], [0.3863754636331316], [-0.07035318920261496]]], "camera_matrix": [[1115.0008004921601, 0.0, 642.9535712666639], [0.0, 1113.3389118951125, 453.6417387300652], [0.0, 0.0, 1.0]], "dist_coefs": [[-0.1567924247486192, 0.16728221664129722, -0.001133969688628399, -5.765475163339224e-05, 0.009140695057918926]]}